iter	MAPE
0	0.05494530495
1	0.04898986641
2	0.04374921904
3	0.03928064183
4	0.0353549010555	0.03199878453
6	0.0289288484
77	0.02652789991
